"area","sex","age","walkdie","walkyll","bikedie","bikeyll","cardie","caryll","busdie","busyll","beforedie","beforeyll","afterdie","afteryll","benedeath","beneyll"
"AH","Male","15-25",0.981571141482855,66.8893043877089,0.260456703622799,17.7488589386661,0.0512838132641544,3.49474271463019,0.00791389656731261,0.539293601871917,1.30122555493712,88.6721996428772,1.61602954187328,110.124561896342,0.314803986936159,21.4523622534647
"AH","Male","25-30",1.26694182431993,78.0264985917802,0.333852331888855,20.5607929298341,0.0659058236200894,4.0589082743743,0.0101702925654772,0.626352610124122,1.67687027239435,103.272552406113,2.07837156760128,127.999607463971,0.401501295206933,24.7270550578579
"AH","Male","31-35",1.7196758680601,97.3319248773742,0.452021883758227,25.5839840809741,0.0893882441124782,5.05928473061066,0.0137939876997833,0.780725832984594,2.27487998363059,128.755919521944,2.81870379058512,159.535800142549,0.543823806954528,30.7798806206053
"AH","Male","36-40",0.827628273288813,42.7329359041403,0.216051395840587,11.1553830970127,0.042774897084687,2.20859653351675,0.00660082381267401,0.340820377946523,1.09305539002676,56.4377359126163,1.3506724554192,69.7392794902439,0.257617065392439,13.3015435776276
"AH","Male","40-60",0.255907854583458,10.2325441474063,0.0674049806634259,2.69520621598834,0.0132765783891243,0.530867544938564,0.00204878335746711,0.0819211516109077,0.338638196993475,13.5405390599442,0.41913907193856,16.7593881184117,0.080500874945085,3.21884905846757
"AH","Female","15-25",0.877774493966521,60.0880133246148,0.232269765214145,15.900016283254,0.0458007201368428,3.13528622758607,0.00706776597648282,0.483823600582267,1.16291274529399,79.6071394360372,1.44342001186992,98.8092516955312,0.280507266575928,19.202112259494
"AH","Female","25-30",1.11578866407986,68.7309919896698,0.292603980901694,18.0239883366125,0.0578147385483405,3.56130552314558,0.00892170852469166,0.549564533934772,1.47512909205459,90.8658503833626,1.82490219450288,112.411375155655,0.349773102448292,21.5455247722922
"AH","Female","31-35",1.54127588372598,87.193837544738,0.404575348617088,22.8878409079135,0.0799872153646516,4.52507713628857,0.0123432635200902,0.698289336455988,2.03818171122781,115.305044925396,2.52344469573216,142.757587513073,0.485262984504347,27.4525425876768
"AH","Female","36-40",0.743997129337461,38.3887926007428,0.193329606506207,9.97542849978347,0.0383450753704029,1.97853067923139,0.00591723050581297,0.305317488067094,0.981589041719884,50.6480692678247,1.21137164726064,62.5044010190207,0.229782605540756,11.8563317511959
"AH","Female","40-60",0.249524578327404,9.83531595000628,0.0652106623806542,2.57035788667431,0.0129028950288993,0.508583363328954,0.00199111532869026,0.0784822420373914,0.329629251065647,12.9927394420469,0.40740884547024,16.0585171324064,0.0777795944045926,3.06577769035947
"BJ","Male","15-25",1.57071857661349,107.036839754486,0.417298317446068,28.4368529151755,0.0811906905550711,5.5327511012418,0.0125290327204001,0.853792708343441,2.08173661733503,141.860236479247,2.57083093891728,175.189638259736,0.48909432158225,33.3294017804889
"BJ","Male","25-30",2.04756674660922,126.102446698086,0.538864305155306,33.1867605443767,0.105288609750957,6.48435579500531,0.01624770659927,1.00063920201553,2.70796736811475,166.774202239484,3.33631030656048,205.471637639178,0.628342938445732,38.6974353996941
"BJ","Male","31-35",2.78255524326432,157.489828714094,0.733115122179162,41.4935787166116,0.143184078970533,8.10407488808747,0.0220955833831732,1.25058780082713,3.68095002779718,208.33807011962,4.53654168359856,256.763697480495,0.855591655801375,48.425627360875
"BJ","Male","36-40",1.33259768705774,68.8060248603564,0.348336883186954,17.985680507415,0.0682544948908975,3.52418476927065,0.0105327433933748,0.543837206690948,1.75972180852896,90.859727343733,2.16414006847968,111.741057934655,0.404418259950716,20.8813305909223
"BJ","Male","40-60",0.414253339847088,16.5640308113851,0.109017448570181,4.35909189715073,0.0212661853350046,0.850334119839971,0.00328171179443423,0.131220125581026,0.547818685546708,21.9046769539568,0.67435034450544,26.9640792472051,0.126531658958732,5.05940229324824
"BJ","Female","15-25",1.43578822628796,98.2868181583396,0.380824800596295,26.0693445182821,0.074059411045137,5.06973363692093,0.011428561688671,0.782341674029366,1.90210099961806,130.208237987572,2.3465521095792,160.633118638642,0.444451109961138,30.42488065107
"BJ","Female","25-30",1.85053495062514,113.990316412568,0.485579322714783,29.9109944510695,0.0949594536028272,5.84936704864407,0.0146537485179303,0.902650030805846,2.44572747546068,150.653327943088,3.01029356176272,185.4297944949,0.564566086302045,34.7764665518126
"BJ","Female","31-35",2.50525678081021,141.728651606318,0.659521969524429,37.3108098784231,0.128660036790825,7.27862056682496,0.0198542971202766,1.12320732190094,3.31329308424575,187.441289373467,4.07934536016384,230.778785536518,0.766052275918094,43.3374961630518
"BJ","Female","36-40",1.2008653389158,61.9622961154592,0.312064352129742,16.1019084880905,0.0612256114564558,3.1591214634774,0.00944807048450315,0.487501905591732,1.5836033729865,81.7108279726188,1.94331888497424,100.271442846583,0.359715511987739,18.5606148739639
"BJ","Female","40-60",0.358761299730249,14.1410147133966,0.0921462686333976,3.63205769827801,0.0181873002770855,0.716874648989751,0.00280657969268525,0.110624765710302,0.471901448333417,18.6005718263747,0.57762274122288,22.7677056822094,0.105721292889463,4.16713385583477
"FJ","Male","15-25",1.2052241890209,82.1301729725486,0.324253063749847,22.0962709305463,0.0636380998652816,4.33662732393869,0.00982037056537575,0.669210542350678,1.60293572320141,109.232281769384,2.00069251612464,136.33747472965,0.397756792923232,27.1051929602657
"FJ","Male","25-30",1.54609252753822,95.2184102750564,0.412697641815699,25.4165987339228,0.0811688281928357,4.99890313597025,0.0125256297876986,0.771409559800141,2.05248462733446,126.40532170475,2.55489127893264,157.346783373259,0.502406651598182,30.9414616685096
"FJ","Male","31-35",2.11621508903079,119.775646036286,0.565838953433601,32.0259157735453,0.111378054096429,6.3038858634044,0.0171873876929898,0.97278886029813,2.81061948425381,159.078236533534,3.50295418446,198.263684374053,0.692334700206193,39.1854478405191
"FJ","Male","36-40",1.01207284191714,52.2563634904655,0.268429157187911,13.8598043821426,0.0529542185159406,2.7341855017873,0.00817166247721257,0.421927500714001,1.34162788009821,69.2722808751094,1.66750188316368,86.0981353501931,0.325874003065471,16.8258544750837
"FJ","Male","40-60",0.31167654616378,12.4624702259458,0.0829861133722707,3.31822198300872,0.0163629826023984,0.654278244545553,0.00252506437401222,0.100965375698137,0.413550706512461,16.5359358291982,0.51483352761648,20.5857565742771,0.101282821104019,4.04982074507893
"FJ","Female","15-25",1.07064107545048,73.2906864459454,0.288147477404884,19.725122546588,0.0565773361472054,3.87299898966323,0.0087307816894622,0.597665266075409,1.42409667069204,97.486473248272,1.77820005254496,121.726604253812,0.354103381852923,24.2401310055395
"FJ","Female","25-30",1.40770336229539,86.7125214948686,0.376081724720944,23.166098421131,0.0740089599395193,4.55884648815792,0.0114207481909485,0.703501816874464,1.8692147951468,115.140968221032,2.32842039697296,143.427379041268,0.459205601826158,28.2864108202359
"FJ","Female","31-35",1.90303990686612,107.659734530654,0.506568223346626,28.6578333173122,0.0998685329186161,5.64981307180777,0.0154112784134992,0.87185462416687,2.52488794154487,142.839235543941,3.14261733149568,177.785734508014,0.617729389950814,34.9464989640734
"FJ","Female","36-40",0.906942698516495,46.7964643695765,0.23960967479981,12.3633892501878,0.0473669931285319,2.44404393999651,0.00730946150933353,0.37715387713229,1.20122882795417,61.9810514368931,1.49180037431904,76.9739733034217,0.290571546364869,14.9929218665285
"FJ","Female","40-60",0.269624471555749,10.6275777856431,0.0713117556163431,2.81083992662274,0.0140698347174261,0.554579716105888,0.002171194760217,0.0855802927265667,0.357177256649735,14.0785777210983,0.44336208080928,17.4756578059012,0.086184824159545,3.39708008480288
"GD","Male","15-25",4.10885926525083,279.998796281259,1.11569177459847,76.0289739175095,0.213885219795408,14.5752385805822,0.0330060892684274,2.24920462554399,5.47144234891313,372.852213404895,6.77599848746448,461.751376139641,1.30455613855135,88.8991627347467
"GD","Male","25-30",5.28567012781133,325.525864619449,1.42466370472401,87.7400354274975,0.273798572747791,16.8622927594995,0.0422516878339511,2.6021331035036,7.02638409311709,432.730325909949,8.6820126236712,534.694674018147,1.65562853055411,101.964348108197
"GD","Male","31-35",7.21372898275367,408.289806512873,1.94464067966452,110.064706996271,0.373922139189148,21.1636170731409,0.0577024178838272,3.26589882839202,9.58999421949117,542.784029410677,11.8537371108091,670.909600706854,2.26374289131796,128.125571296177
"GD","Male","36-40",3.44059857175537,177.648447961361,0.920682496593159,47.5376052084797,0.177391282450198,9.15924521618204,0.0273744083647553,1.41342300138729,4.56604675916348,235.75872138741,5.62978334447616,290.682639269555,1.06373658531268,54.9239178821446
"GD","Male","40-60",1.07626771814456,43.0348531437941,0.290151807561177,11.6017977844101,0.0556154133719873,2.22379720830147,0.00858239173713932,0.343169233642937,1.43061733081487,57.2036173701486,1.76546527747104,70.5926022545897,0.334847946656173,13.388984884441
"GD","Female","15-25",3.65535008726363,250.226825066538,0.991053135153388,67.8424975888732,0.189730749706799,12.9880098987088,0.0292786556329026,2.00426904847358,4.86541262775672,333.061601602593,6.0168031648992,411.879988800218,1.15139053714248,78.818387197625
"GD","Female","25-30",4.72909132538896,291.305287880628,1.27142689919686,78.3180855276149,0.244055928457733,15.0334974748043,0.0376619079603858,2.31991987163232,6.28223606100393,386.976790754679,7.74823597124256,477.280296544962,1.46599991023863,90.3035057902829
"GD","Female","31-35",6.38592570124772,361.267813275118,1.72204888925835,97.4206192930896,0.330691877281247,18.7080678608423,0.0510312847507168,2.88696760861298,8.48969775253803,480.283468037663,10.488280642115,593.348308429633,1.99858288957701,113.06484039197
"GD","Female","36-40",3.07955995139101,158.899253254888,0.820963247439844,42.3600933337816,0.158399643624961,8.17311092660423,0.0244436718266368,1.26124552253179,4.08336651428245,210.693703037806,5.02915424396208,259.494494824907,0.945787729679627,48.8007917871014
"GD","Female","40-60",0.97027284315106,38.2444889159583,0.259953720807343,10.2463933359111,0.0504605518354628,1.98896426813014,0.00778688418490764,0.306929548736413,1.28847399997877,50.786776068736,1.5957494292624,62.8984123289239,0.307275429283626,12.1116362601879
"HeB","Male","15-25",1.44025235610264,98.1462006889562,0.380952091823772,25.9600342249669,0.0749317501281022,5.10623471982945,0.0115631451218914,0.787972161211865,1.9076993431764,130.000441794964,2.36429871555696,161.115470662114,0.45659937238056,31.1150288671497
"HeB","Male","25-30",1.86806020856868,115.047269286801,0.489547089264284,30.1494863756619,0.0964997684321606,5.94308191674139,0.0148914148099569,0.917109952797097,2.46899848107509,152.056947532001,3.04966006821408,187.817855919031,0.580661587138994,35.76090838703
"HeB","Male","31-35",2.53808567059619,143.653096732398,0.66530980490525,37.6558659419154,0.131210117192035,7.42636069208381,0.0202477593066884,1.14600281621494,3.35485335200016,189.881326182612,4.1454327284904,234.627323908888,0.790579376490236,44.7459977262759
"HeB","Male","36-40",1.22714021521041,63.3609385450271,0.319869392019233,16.5158183547026,0.0630368943443761,3.25478436703221,0.00972757109409086,0.502263740235579,1.61977407266811,83.6338050069975,1.99527024594624,103.02180131261,0.375496173278131,19.3879963056129
"HeB","Male","40-60",0.380546239912695,15.2162433871924,0.100104331677193,4.00269852951865,0.0196243369099527,0.784684370557994,0.00302834478695695,0.121089177886094,0.503303253286798,20.1247154651552,0.6210240475992,24.831812974257,0.117720794312402,4.70709750910187
"HeB","Female","15-25",1.30687769496605,89.4622535611715,0.343764930681392,23.5324127977073,0.0676632696215417,4.63188606476105,0.0104415000975457,0.714772417406585,1.72874739536653,118.341324841046,2.13753805188192,146.325070762709,0.408790656515392,27.9837459216624
"HeB","Female","25-30",1.69125325009862,104.178790596416,0.441863078171516,27.2181360718355,0.0871656371797936,5.36927906120944,0.0134510089082243,0.828562984448794,2.23373297435815,137.59476871391,2.75607034569696,169.770006589264,0.52233737133881,32.1752378753539
"HeB","Female","31-35",2.29312447837127,129.727795878829,0.600852501078842,33.9917310850057,0.11831558108293,6.69340879519683,0.0182579383024297,1.03289730479357,3.03055049883547,171.445833063825,3.74095558311504,211.635228203055,0.710405084279571,40.1893951392296
"HeB","Female","36-40",1.09738363047752,56.6228429286635,0.285114280945965,14.7113376747722,0.0562772932755814,2.90379795095628,0.00868445516140202,0.448100852671833,1.44745965986047,74.6860794070638,1.78167196751472,91.9307789593055,0.334212307654254,17.2446995522416
"HeB","Female","40-60",0.345081758507349,13.6018188919661,0.0903447573630882,3.56104893172779,0.0178005835871152,0.701631738433627,0.00274690701020365,0.108272694063793,0.455974006467756,17.9727722561913,0.56280938928672,22.183819327016,0.106835382818964,4.21104707082471
"HeN","Male","15-25",1.20049363619103,81.8078087802994,0.319759300585594,21.7900428035804,0.0626666088470118,4.27042493097428,0.00967045278203791,0.658994373782737,1.59258999840568,108.527270888637,1.97668112538048,134.701215108333,0.384091126974803,26.1739442196962
"HeN","Male","25-30",1.55882629313886,96.0026381887881,0.412045995962722,25.3764661538361,0.0810142034538758,4.98938034120168,0.0125017639664867,0.769939747667153,2.06438825652194,127.138424431493,2.55712690944336,157.484468006877,0.492738652921419,30.3460435753838
"HeN","Male","31-35",2.12293204209819,120.155818825533,0.560629561096311,31.7310694056645,0.110325761971119,6.24432718726546,0.0170249935011293,0.963597512337593,2.81091235866675,159.094812930801,3.48186593759232,197.070110807055,0.670953578925571,37.9752978762545
"HeN","Male","36-40",1.01876239328798,52.6017651389872,0.26660316999803,13.7655231739416,0.0526565595512181,2.71881647456662,0.00812572165373523,0.419555437882895,1.34614784449096,69.5056602253783,1.66331261728512,85.8818309584128,0.317164772794162,16.3761707330345
"HeN","Male","40-60",0.312378635728743,12.490543465357,0.0825071761342302,3.29907154919314,0.0162319692006739,0.649039638566735,0.00250484733075945,0.100156991805619,0.413622628394407,16.5388116449225,0.51231809834976,20.4851764609262,0.0986954699553533,3.94636481600378
"HeN","Female","15-25",1.08434575562413,74.2288397080237,0.287702183110938,19.6946399458153,0.0565197971780049,3.86906016212636,0.00872189560898195,0.597056969837627,1.43728963152206,98.3895967858029,1.78281376500288,122.04243573166,0.345524133480822,23.6528389458575
"HeN","Female","25-30",1.40531488423186,86.5653946491341,0.36980973082308,22.7797525330333,0.0728371824790472,4.48666666608041,0.0112399142225035,0.692362702061087,1.85920171175649,114.524176550309,2.30008068611952,141.681693229642,0.440878974363033,27.1575166793329
"HeN","Female","31-35",1.90898883903238,107.996280525012,0.501655730891106,28.3799213136086,0.0989642276727484,5.59865425881939,0.0152717183927538,0.863959364203935,2.52488051598898,142.838815461644,3.1241372829792,176.740271872039,0.599256766990216,33.9014564103952
"HeN","Female","36-40",0.92188747989007,47.5675857758171,0.240540321865867,12.4114088134288,0.0475875273681447,2.45542307420553,0.00734348772058976,0.378909562894233,1.21735881684467,62.8133272263456,1.50332604519936,77.5686753144402,0.285967228354688,14.7553480880946
"HeN","Female","40-60",0.2841349160642,11.1995246746922,0.0747499262057962,2.94635961876674,0.01472099086004,0.58024583059579,0.00227167870988576,0.0895409903040217,0.375877511839922,14.8156711143587,0.46492205658528,18.3254705780651,0.0890445447453581,3.50979946370633
"HuB","Male","15-25",1.48856822864193,101.438692662749,0.397256033814071,27.0710686598843,0.0778282597577783,5.30361777857407,0.0120101383007548,0.818432574661935,1.97566266051453,134.631811675869,2.45400072312384,167.228226665989,0.478338062609308,32.59641499012
"HuB","Male","25-30",1.92742388805469,118.703269874124,0.510412975406642,31.4345430408145,0.100346669809671,6.17999906570058,0.0154850687783555,0.95367101632827,2.55366860204936,157.271482996967,3.16587101077632,194.974879842406,0.612202408726963,37.7033968454392
"HuB","Male","31-35",2.6309559176454,148.909459327829,0.69785476037334,39.4978776951715,0.136902300752892,7.74853255773804,0.021126189669713,1.19572109143873,3.48683916844134,197.351590672177,4.3212947831064,244.58093935851,0.834455614665059,47.2293486863328
"HuB","Male","36-40",1.26218461835591,65.1703864357626,0.331649894649762,17.1240811220299,0.0653452200490465,3.37397016283832,0.0100837858954367,0.520656181341452,1.66926351895015,86.1890939019723,2.0640056194416,106.570815289927,0.394742100491446,20.3817213879548
"HuB","Male","40-60",0.391840950648135,15.6678654228689,0.103465014162138,4.13707631932346,0.0203961914344535,0.81554718057289,0.00314745057727399,0.125851654831612,0.518849606822,20.7463405775968,0.64324068945744,25.7201513528957,0.12439108263544,4.97381077529885
"HuB","Female","15-25",1.33640221970764,91.4833535683712,0.356898297538222,24.431456832496,0.0699065490387355,4.78544965590854,0.010787693249614,0.738471053989622,1.77399475953421,121.438731110765,2.2040081708184,150.875279751233,0.43001341128419,29.4365486404678
"HuB","Female","25-30",1.75738595583945,108.252471047612,0.46417323351567,28.5924098546866,0.0912576327569885,5.62134015870219,0.014082485674202,0.867461053537766,2.32689930778631,143.333682114539,2.88112766596416,177.473359342558,0.554228358177852,34.1396772280197
"HuB","Female","31-35",2.37589947804975,134.410584956981,0.629541119414221,35.6147180874824,0.123453546286073,6.98407635702899,0.0190508349806872,1.07775345604056,3.14794497873073,178.087132857533,3.89853887306832,220.55010965227,0.750593894337593,42.4629767947371
"HuB","Female","36-40",1.15042955566142,59.3599086240817,0.302762267326028,15.6219391572917,0.0595981047030327,3.07514530718617,0.00919691911092934,0.474542987322649,1.52198684680141,78.5315360758822,1.88242592461632,97.1294855273292,0.360439077814914,18.5979494514469
"HuB","Female","40-60",0.340487243645003,13.4207204782904,0.0877764001946212,3.45981399770381,0.0174640448362803,0.688366652620964,0.00269496575714171,0.106225366148733,0.448422654433046,17.6751264947639,0.55216560018384,21.7642813823623,0.103742945750794,4.08915488759836
"HuN","Male","15-25",0.971865928650207,66.2279412853567,0.263895381538194,17.9831881319905,0.0509629150165636,3.47287505812171,0.00786442162809891,0.53592212513552,1.29458864683306,88.2199266006045,1.60940564943504,109.673175808459,0.314817002601976,21.4532492078543
"HuN","Male","25-30",1.2643402126511,77.866274463634,0.340234541201705,20.9538507927939,0.0659753687941205,4.06319131746234,0.0101810775230976,0.627016817796819,1.68073120017003,103.510333391687,2.08484811154272,128.398475065486,0.404116911372692,24.8881416737992
"HuN","Male","31-35",1.72614216070198,97.6979105385931,0.465733040641103,26.3600217730139,0.0901149936586077,5.1004180241239,0.0139062250580265,0.787078354598619,2.29589642005972,129.945428690329,2.84832320479056,161.212229202176,0.552426784730845,31.2668005118466
"HuN","Male","36-40",0.830825479668874,42.8980172815183,0.221069077575692,11.4144610899884,0.0430646517021932,2.22355743552729,0.00664556870788692,0.343130691405937,1.10160477765465,56.8791664984399,1.36230760327152,70.3400371533825,0.260702825616874,13.4608706549425
"HuN","Male","40-60",0.256561618366117,10.258685067461,0.0686681273995115,2.74571347674705,0.0133543023396509,0.53397535792996,0.00206078512383402,0.0824010454554955,0.340644833229113,13.6207749475935,0.4220866419432,16.8772474949797,0.0814418087140867,3.25647254738614
"HuN","Female","15-25",0.885934060150407,60.6465760590648,0.24007227216647,16.4341365441402,0.0464109953059757,3.17706258671543,0.00716198255690128,0.490273192337891,1.17957931017975,80.7480483822584,1.46579192947008,100.340720304036,0.286212619290326,19.5926719217772
"HuN","Female","25-30",1.13796934360865,70.0972902467647,0.304492651490665,18.7563135065336,0.0592077232249381,3.64711139457188,0.00913671076840651,0.562808365823593,1.51080642909266,93.0635235136937,1.87162291143072,115.289304753162,0.360816482338061,22.2257812394687
"HuN","Female","31-35",1.53607184767497,86.8994321895385,0.412725638446649,23.3489232195522,0.0800035986718631,4.52600398101671,0.012345862796942,0.698436384058527,2.04114694759043,115.472795774166,2.52958103845584,143.104735792117,0.488434090865412,27.6319400179509
"HuN","Female","36-40",0.737682026428469,38.062945677057,0.195532458620367,10.0890913482086,0.0381489029734914,1.96840856832253,0.00588698635617587,0.303756949266577,0.977250374378503,50.4242025428547,1.2072532800216,62.2919013472357,0.230002905643097,11.867698804381
"HuN","Female","40-60",0.237967562130602,9.37978204430125,0.0647322955691304,2.55150247466291,0.0125661571578349,0.495310428949297,0.00193916386455212,0.0764345116402936,0.317205178722119,12.5030294595537,0.395758553136,15.5993066338445,0.0785533744138807,3.09627717429072
"JS","Male","15-25",2.28663286632556,155.822920371851,0.618599478638086,42.1545490408284,0.121475516281236,8.27796625307738,0.0187456057386347,1.27742195669005,3.04545346698352,207.532857622447,3.81246568512528,259.801013806083,0.76701221814176,52.2681561836363
"JS","Male","25-30",2.91819763750614,179.721546390367,0.786290492114901,48.4248706594448,0.154481010925728,9.51394306358403,0.023838871737051,1.46815240945976,3.88280801228382,239.128512522855,4.85251214540352,298.849185346899,0.9697041331197,59.720672824044
"JS","Male","31-35",3.99619226218071,226.180463587527,1.07691374421245,60.9522350100421,0.211601792307375,11.9764486641382,0.0326535142713774,1.84815607235868,5.31736131297191,300.957303334066,6.6461979781896,376.16812234682,1.32883666521769,75.2108190127536
"JS","Male","36-40",1.90051919240797,98.1295195619993,0.509294701956095,26.2964165887229,0.10015567423479,5.17133856544517,0.0154556027015534,0.798019232693443,2.52542517130041,130.395293948861,3.14937184678368,162.611536616689,0.623946675483273,32.2162426678283
"JS","Male","40-60",0.591450380527684,23.6493019708236,0.158401573815492,6.33372937975635,0.0312215148128773,1.24840063698584,0.00481797023697321,0.192647831114696,0.785891439393026,31.4240798186805,0.98094861592032,39.2234932963666,0.195057176527294,7.79941347768614
"JS","Female","15-25",2.05394575672794,140.602763974834,0.555433145971005,38.0221509117027,0.109015039719186,7.46261961842751,0.0168227576152859,1.15160111246365,2.73521670003341,187.239135617428,3.422514965124,234.288107300494,0.687298265090587,47.0489716830654
"JS","Female","25-30",2.61017428768674,160.783017280949,0.700751517315448,43.16529507232,0.137739266262132,8.4845425580054,0.0212553489284078,1.30929921047439,3.46992042019273,213.742154121749,4.32995896594512,266.719303201912,0.860038545752393,52.9771490801632
"JS","Female","31-35",3.60008996272774,203.666107197933,0.969589871731635,54.8521278075236,0.190504500294635,10.7773167838556,0.0293978668636492,1.66311096834536,4.78958220161766,270.958662757657,5.98463604928608,338.565852457473,1.19505384766842,67.6071896998162
"JS","Female","36-40",1.67386985744225,86.3684015222044,0.447522705562651,23.091293837742,0.0880146516213479,4.54138339206684,0.0135820494103343,0.700807109794463,2.22298926403658,114.701885861808,2.76922534088256,142.886596041748,0.546236076845982,28.1847101799401
"JS","Female","40-60",0.508093476757629,20.0271248209124,0.134627941081104,5.30652469230553,0.0267073834360556,1.05270413060036,0.00412136057899948,0.16244845982737,0.673550161853788,26.5488021036457,0.83920605670752,33.0783314822293,0.165655894853732,6.52952937858362
"LN","Male","15-25",1.25226078431701,85.3354884175091,0.341021852861174,23.2389824383299,0.0660532480670351,4.50120794003592,0.0101931040047972,0.694610515344254,1.66952898925001,113.770289311219,2.08166348965008,141.855253182804,0.412134500400068,28.0849638715851
"LN","Male","25-30",1.60625722828545,98.9237429493864,0.434435595573942,26.7553629816152,0.0844086093350811,5.19842988130347,0.0130256247057814,0.802202491269296,2.13812705790025,131.679738303574,2.66144915662464,163.909308924218,0.523322098724391,32.2295706206436
"LN","Male","31-35",2.20259414715302,124.664613865797,0.595261799646691,33.6912192824685,0.115698261302635,6.54840524700399,0.0178541259928724,1.01052557761932,2.93140833409522,165.914763972889,3.64821684851616,206.485405087824,0.716808514420944,40.5706411149355
"LN","Male","36-40",1.04258542169968,53.8318197166474,0.279312857252445,14.42176253687,0.0544600583727593,2.81193654070194,0.00840406421240784,0.433927100987015,1.38476240153729,71.4994458952063,1.71894257642064,88.754172992647,0.334180174883349,17.2547270974407
"LN","Male","40-60",0.323283610154335,12.926581790237,0.0873898557667069,3.49430680282881,0.0169438186796153,0.677503130753923,0.00261470873589532,0.104549829532225,0.430231993336553,17.2029415533519,0.53480900124864,21.3844812407753,0.104577007912088,4.18153968742337
"LN","Female","15-25",1.14703579755444,78.5202836958833,0.312680500289941,21.4045295197263,0.0604788307927844,4.14007562934787,0.00933288319085815,0.638882097149143,1.52952801182803,104.703770942107,1.90662782900448,130.518121888687,0.377099817176453,25.8143509465801
"LN","Female","25-30",1.45260572094045,89.4784428128593,0.391883099949592,24.1394406222382,0.0761735143271054,4.69217995448872,0.0117548126779441,0.724079713315693,1.93241714789509,119.034143102902,2.4029833548912,148.020351015607,0.470566206996107,28.9862079127054
"LN","Female","31-35",2.00310748990507,113.320808366377,0.539693986012205,30.531840689325,0.10494132983034,5.93679390015175,0.0161941523573424,0.916143764221702,2.66393695810496,150.705586720075,3.31115764706976,187.320482343281,0.647220688964804,36.6148956232054
"LN","Female","36-40",0.944179439971816,48.7178071926715,0.252501675741604,13.0285912124639,0.0492640932041169,2.541930582932,0.007602241302381,0.392260740196394,1.25354745021992,64.6805897282639,1.55525169123216,80.2479368029729,0.301704241012242,15.5673470747091
"LN","Female","40-60",0.246722908506118,9.72488471287268,0.0643900581399182,2.53801276848333,0.0126833602495096,0.499930131924715,0.00195723965670984,0.0771469910605958,0.325753566552256,12.8399746043413,0.40140779853648,15.8219785396154,0.0756542319842238,2.98200393527403
"SD","Male","15-25",1.64436791578203,112.055684397938,0.435327634578095,29.6654632833703,0.0842324420755315,5.74003168919438,0.0129984389073238,0.885780459400567,2.17692643134298,148.346959829903,2.67612125453424,182.364661722367,0.499194823191264,34.0177018924636
"SD","Male","25-30",2.15348369499822,132.625499663645,0.563708312742036,34.7168157416788,0.109627008020442,6.75154251184318,0.0169172048528735,1.04187124877509,2.84373622061357,175.135729165942,3.48600023374752,214.690514677303,0.642264013133952,39.5547855113612
"SD","Male","31-35",2.91787447575234,165.148761199926,0.765647180966451,43.3348605307029,0.148646735446118,8.41325575152098,0.0229385862393272,1.29830091478689,3.85510697840423,218.195178396937,4.72714194672384,267.551480711439,0.872034968319606,49.3563023145015
"SD","Male","36-40",1.40956790301774,72.7802285110803,0.366023445433514,18.8988908885,0.0714368494157477,3.68849930071394,0.0110238375525574,0.56919387453877,1.85805203541956,95.936812574833,2.27308335095664,117.366127132418,0.415031315537081,21.4293145575853
"SD","Male","40-60",0.436688067577719,17.4610894120771,0.114112937919303,4.56283640433829,0.0222699899077753,0.89047151469627,0.00343661333874507,0.137413905343051,0.576507608743543,23.0518112364547,0.70741103759808,28.2860199205968,0.130903428854537,5.23420868414213
"SD","Female","15-25",1.49094585766911,102.062631322388,0.392547118465168,26.8717952583547,0.076139486817072,5.21212512990615,0.0117495540917407,0.804315194478329,1.97138201704309,134.950866905127,2.42007688949568,165.666254125807,0.448694872452589,30.7153872206793
"SD","Female","25-30",1.9478375118649,119.98401555331,0.509052805687156,31.3569275583702,0.098879460436144,6.09083388455455,0.0152586890928404,0.939913508332446,2.57102846708104,158.371690504567,3.14728471445136,193.868254322652,0.576256247370318,35.4965638180849
"SD","Female","31-35",2.6272292749718,148.628941134719,0.685665884516089,38.7898366384185,0.133253751414965,7.53849851008832,0.0205631904895258,1.16331119553414,3.46671210139238,196.12058747876,4.24204750907856,239.983253659613,0.775335407686183,43.8626661808532
"SD","Female","36-40",1.27717048064556,65.899491764107,0.330366018270181,17.0462385641205,0.0645183446669416,3.32902003878438,0.00995619932374338,0.513720357054603,1.68201104290642,86.7884707240665,2.05456045518816,106.011289680839,0.372549412281737,19.2228189567722
"SD","Female","40-60",0.391660706845777,15.4377850184226,0.102380638790646,4.03545789524688,0.0200361956682492,0.789751118524327,0.00309190140662064,0.12187106947229,0.517169442711293,20.3848651016661,0.6356231672592,25.05386329893,0.118453724547907,4.66899819726391
"SX","Male","15-25",0.644048105741872,43.8887493373275,0.170208030656536,11.5988503437643,0.0330345917030723,2.25114692798767,0.00509777187567204,0.347388386109032,0.852388499977153,58.0861349951885,1.0486343902512,71.4593389685115,0.196245890274047,13.373203973323
"SX","Male","25-30",0.831996589120254,51.2397486950154,0.217874223704791,13.4181084583046,0.0424026524658223,2.6114304851276,0.00654340803409511,0.402985526215322,1.09881687332496,67.672273164663,1.34776589247504,83.0041691675165,0.248949019150078,15.3318960028535
"SX","Male","31-35",1.13097067377375,64.011802865174,0.296661476145525,16.7907412358932,0.0576746848577726,3.26432916700484,0.00890013006112095,0.503738411753771,1.49420696483817,84.5706116798258,1.83319915424112,103.757228719585,0.338992189402948,19.186617039759
"SX","Male","36-40",0.546652442428502,28.2253090403874,0.142190678645933,7.34173221583804,0.0277286690759712,1.43171454694504,0.00427897408701799,0.220936296278762,0.720850764237425,37.2196920994492,0.88221475802016,45.5514002178202,0.161363993782735,8.33170811837095
"SX","Male","40-60",0.170214217692356,6.80606111089587,0.044493087544628,1.77906802937283,0.00867107545870854,0.346715276016628,0.00133808519620415,0.0535036951696398,0.224716465891897,8.98534811145497,0.27558262524048,11.0192451248569,0.0508661593485832,2.03389701340191
"SX","Female","15-25",0.578520555354058,39.6025984778775,0.152173862343003,10.4170548711264,0.029563990825717,2.0238016562056,0.00456219990883697,0.312305188628787,0.764820608431615,52.3557601938383,0.93926222822832,64.2971533953496,0.174441619796705,11.9413932015112
"SX","Female","25-30",0.750904912665328,46.2546727699237,0.196795933675253,12.1223491297858,0.038244861707582,2.35582899189744,0.0059017966192934,0.363542263175638,0.991847504667457,61.0963931547826,1.21611393211104,74.910885562167,0.224266427443584,13.8144924073844
"SX","Female","31-35",1.02362496377418,57.9090283189902,0.266916389779711,15.1001287791627,0.0519931291430409,2.94138155524847,0.00802336878131818,0.453902070010042,1.35055785147826,76.4044407234114,1.65389609828448,93.5650451891009,0.303338246806225,17.1606044656895
"SX","Female","36-40",0.497129150252639,25.6508890858581,0.128456710869771,6.62811432638807,0.0251025718754802,1.29524347268812,0.0038737224362967,0.199876479808819,0.654562155434187,33.7741233647431,0.79939447295088,41.2471868750613,0.144832317516693,7.47306351031818
"SX","Female","40-60",0.146802224782244,5.78638895044128,0.0387816302509733,1.52862531271034,0.00752203784346046,0.296490306783589,0.00116077227367289,0.0457532565894182,0.19426666515035,7.65725782652463,0.2388681879336,9.41528131008336,0.0446015227832497,1.75802348355873
"SXi","Male","15-25",1.10285807097017,75.1544193670183,0.290422458065621,19.790879517129,0.0578539684093925,3.9424668670746,0.00892774712860008,0.608382591891691,1.46006224457379,99.4961483431136,1.81767585476112,123.865778433166,0.357613610187334,24.3696300900528
"SXi","Male","25-30",1.42714094233952,87.8925997943907,0.372349707607782,22.9317111319642,0.0744148272748782,4.58294793345195,0.0114833259246167,0.707217724513133,1.8853888031468,116.11447658432,2.34059892443904,144.149269663346,0.455210121292242,28.0347930790263
"SXi","Male","31-35",1.94482698438049,110.075251655852,0.508947703575716,28.8059282397352,0.10168756515492,5.755413933782,0.0156919223177987,0.888147023857749,2.57115417542892,145.524740853227,3.19617246439776,180.90014750909,0.625018288968838,35.3754066558627
"SXi","Male","36-40",0.929283994619885,47.9817264108585,0.2404680803937,12.416089926002,0.0482232678740415,2.48991229717268,0.0074415660276568,0.384230426085644,1.22541690891528,63.2719590601188,1.51793553567504,78.3755751780395,0.292518626759757,15.1036161179208
"SXi","Male","40-60",0.289352730795603,11.5698464857905,0.0752488870494157,3.00884691495559,0.0150394334485974,0.601355776926982,0.00232081016348818,0.0927982163513368,0.381961861457105,15.2728473940244,0.47344779700128,18.9309370444819,0.0914859355441753,3.65808965045756
"SXi","Female","15-25",0.994584700845319,68.0842507587501,0.260698398571041,17.8460970952295,0.0520369291865602,3.56218563631826,0.00803008405237387,0.549699040987652,1.31535011265529,90.0422325312856,1.63555324354176,111.961723388607,0.320203130886465,21.9194908573217
"SXi","Female","25-30",1.2910993424278,79.5298800023674,0.33715478565878,20.7682544359797,0.067344775988624,4.14834225156542,0.0103923125072405,0.640151644019724,1.70599121658245,105.086628333932,2.11820306234448,130.478290734877,0.412211845762032,25.3916624009449
"SXi","Female","31-35",1.7316610015361,97.9644005623984,0.451344333819556,25.5336795542809,0.0902463617412103,5.10546274534827,0.0139263673236977,0.78784948420482,2.28717806442056,129.391392346232,2.83873260522816,160.594214330301,0.551554540807598,31.2028219840689
"SXi","Female","36-40",0.84681726875547,43.6941101236913,0.219363229406917,11.3187123792136,0.0439468683580655,2.26757221005984,0.00678165600688379,0.349920148441539,1.11690902252734,57.6303148614062,1.3835200282032,71.3869198244932,0.266611005675864,13.756604963087
"SXi","Female","40-60",0.266902635669336,10.5202933005379,0.0681085919440281,2.68458331908541,0.013782052826348,0.54323644145769,0.00212676955326327,0.0838292189467283,0.350920049992975,13.8319422800278,0.433789221756,17.0983318768684,0.0828691717630246,3.26638959684067
"SH","Male","15-25",1.85768313255768,126.592080042049,0.485924532194999,33.1133960339788,0.096717368815794,6.59081878927769,0.014924959038362,1.01706344644864,2.45524999260683,167.313358311754,3.04532361570144,207.524008888448,0.590073623094607,40.2106505766937
"SH","Male","25-30",2.40453988438089,148.087168882624,0.623574787259046,38.4037817095943,0.124509488369164,7.66810222254262,0.0192136833279152,1.18330329487167,3.17183784333701,195.342356109633,3.92422311991632,241.679123589074,0.752385276579309,46.3367674794413
"SH","Male","31-35",3.24981810446494,183.936436792435,0.841218865887926,47.6121419046231,0.168315649109343,9.52649648638583,0.0259736169155592,1.47008059912518,4.28532623637777,242.545155782569,5.30281696703232,300.134107979246,1.01749073065455,57.5889521966776
"SH","Male","36-40",1.55755958374712,80.4214839044271,0.400365998709197,20.6721001604387,0.0802732015592886,4.14474672720148,0.0123873431639171,0.639595768451396,2.05058612717952,105.877926560519,2.53159527158064,130.713874775914,0.48100914440112,24.8359482153958
"SH","Male","40-60",0.492140750242112,19.6783797894244,0.127780965660538,5.10935615652726,0.0254235012940145,1.01656551259862,0.00392323137575187,0.156871457963705,0.649268448572416,25.961172916514,0.80225352616944,32.078322243384,0.152985077597024,6.11714932686994
"SH","Female","15-25",1.64472110396417,112.589308859598,0.428781051442811,29.352187503207,0.0855310898239837,5.85502688941015,0.0131987375114254,0.903518979995416,2.17223198274239,148.700042232211,2.69300369572416,184.349446314719,0.520771712981769,35.6494040825075
"SH","Female","25-30",2.14919462229599,132.387326672727,0.554433619551471,34.1523210361889,0.111001006373164,6.83750384412687,0.0171291069384166,1.05512858274588,2.83175835515904,174.432280135789,3.4994402793624,215.560535388241,0.667681924203361,41.1282552524516
"SH","Female","31-35",2.93120527767332,165.825625048945,0.755850709031982,42.7603679699998,0.151368067334642,8.56327073692425,0.0233583431313984,1.32143998217226,3.86178239717134,218.470703738041,4.77203927139792,269.966215251153,0.910256874226579,51.4955115131121
"SH","Female","36-40",1.40869054929591,72.6856693435153,0.360166143344181,18.5838665680897,0.0724380019146241,3.73765881917993,0.0111782450995594,0.576775522170885,1.85247293965428,95.5839702529558,2.28477650422944,117.889986266507,0.432303564575162,22.3060160135515
"SH","Female","40-60",0.44652227178287,17.6002205920442,0.117182271286866,4.61888231440448,0.0231943502414457,0.914233637459151,0.00357924571012728,0.141080340292635,0.59047813902131,23.2744168842004,0.73142049862608,28.8298320931722,0.14094235960477,5.55541520897173
"SC","Male","15-25",2.33544384211874,159.149151226967,0.643948413199914,43.8819557749432,0.12413378421265,8.45911429756839,0.0191559202697113,1.30538289849445,3.12268195980102,212.795604197973,3.90716834470416,266.254539949209,0.78448638490314,53.4589357512362
"SC","Male","25-30",2.99772310728582,184.619240851677,0.820532576389321,50.5337204022906,0.158673719690436,9.7721572753541,0.0244859834487623,1.50800574770571,4.00141538681434,246.433124277028,4.99726604735184,307.764069921483,0.995850660537505,61.3309456444557
"SC","Male","31-35",4.13180645668416,233.856090626828,1.13155538460584,64.0448969103024,0.21888803299905,12.3888425604604,0.0337780477437249,1.91180353609619,5.51602792203277,312.201633633687,6.89173779481008,390.065429060014,1.37570987277731,77.8637954263268
"SC","Male","36-40",1.95597887576689,100.993069745976,0.531500758775586,27.4429820618672,0.103019981060569,5.31923133801734,0.015897675415498,0.820844775947175,2.60639729101854,134.576127921808,3.24757735282464,167.682182135366,0.641180061806102,33.1060542135581
"SC","Male","40-60",0.610128300254604,24.3961435966835,0.166581052055737,6.6607880092474,0.0321648462541462,1.28611999747258,0.00496356981249491,0.19846966916181,0.813837768376983,32.5415212725653,1.01434178050944,40.5587279316456,0.200504012132457,8.01720665908036
"SC","Female","15-25",2.0641859375337,141.303755089218,0.569269965174707,38.9693497451129,0.109756479211968,7.513374825406,0.0169372609767422,1.15943943489862,2.76014964289712,188.945919094635,3.45420059312448,236.457145533637,0.694050950227365,47.5112264390017
"SC","Female","25-30",2.70215939169743,166.449168632416,0.738540438490965,45.4930387770426,0.142961486657513,8.80622389401292,0.0220613187900188,1.35894580564569,3.60572263563593,222.107377109117,4.50225159034656,277.332283391471,0.896528954710629,55.2249062823539
"SC","Female","31-35",3.62795228605001,205.242348621699,0.994929525430874,56.2856554915811,0.192165917929524,10.8713073412114,0.0296543956851309,1.67762344636567,4.84470212509554,274.076934900857,6.05215252922016,342.385428852021,1.20745040412462,68.3084939511636
"SC","Female","36-40",1.76013185577481,90.8193514422174,0.476862486575055,24.60516899105,0.0925040422759919,4.77302714437314,0.0142748885815444,0.736556252096855,2.3437732732074,120.934103829737,2.91738521016432,150.531354696496,0.573611936956917,29.5972508667591
"SC","Female","40-60",0.574858718167414,22.6587583383212,0.153253523425572,6.04067476416872,0.030085618754284,1.18586140084189,0.00464268702270291,0.182997178199268,0.762840547369973,30.0682916815311,0.94806455092848,37.3691219593913,0.185224003558507,7.30083027786018
"TJ","Male","15-25",1.01769325994126,69.3508512635098,0.265537164742883,18.0950676808851,0.0520708524840632,3.54837561368427,0.00803535035075325,0.547570087137496,1.34333662751896,91.5418646452166,1.65127292084256,112.526226945262,0.307936293323597,20.9843623000449
"TJ","Male","25-30",1.33441619797288,82.1820083553321,0.344880190394363,21.2399600151991,0.0678209535865332,4.17685440478168,0.0104658266101633,0.644553514284733,1.75758316856394,108.243376289598,2.15371881654816,132.639979974369,0.396135647984217,24.3966036847714
"TJ","Male","31-35",1.79988969260152,101.871946685786,0.466305113546776,26.3924005242155,0.0916195764551155,5.1855758974426,0.0141383283028647,0.800215164860352,2.37195271090627,134.250138272304,2.90863752378768,164.625959007131,0.536684812881406,30.3758207348264
"TJ","Male","36-40",0.882398697099495,45.5608975454746,0.226027211878078,11.6704644699914,0.0445549529418554,2.30050616892335,0.0068755145054201,0.355003484234008,1.15985637642485,59.8868716686234,1.4169001613472,73.1588150520889,0.257043784922351,13.2719433834655
"TJ","Male","40-60",0.272153319104079,10.8821233999578,0.0702081152569211,2.80729030393378,0.0137752197745184,0.550805854366673,0.00212573131955869,0.084997936496767,0.358262385455077,14.325217494755,0.43810109406528,17.5175896548655,0.0798387086102033,3.19237216011041
"TJ","Female","15-25",0.925802317526001,63.3757558163719,0.240645222149086,16.473357809313,0.0472893642535711,3.23719129333635,0.00729748667993206,0.499549120957577,1.22103439060859,83.5858540399789,1.499826726552,102.670570800508,0.27879233594341,19.0847167605294
"TJ","Female","25-30",1.21863144433842,75.0659607285528,0.314699142949619,19.385018838727,0.061922084276918,3.81431216809341,0.0095555377655099,0.588607512122242,1.60480820933046,98.8538992474955,1.9663340706552,121.123377221857,0.361525861324737,22.2694779743617
"TJ","Female","31-35",1.64769362113585,93.2141555199748,0.425422990523872,24.0672442326555,0.0838613107316015,4.74424441557023,0.0129410949904795,0.732110160267388,2.1699190173818,122.757754328468,2.66103638568192,150.541494072347,0.491117368300116,27.7837397438789
"TJ","Female","36-40",0.789938578994314,40.7592812936561,0.201983698179753,10.4219626560367,0.0398665323085504,2.05703487306009,0.00615201672762451,0.317431996603789,1.03794082621024,53.5557108193567,1.26771807264432,65.4117660511594,0.229777246434078,11.8560552318027
"TJ","Female","40-60",0.241154297624325,9.50539111511888,0.0605306983045888,2.38589138789763,0.0119683537596109,0.471747278028729,0.00184689791991113,0.0727977367660395,0.315500247608436,12.4358275178113,0.38225584705824,15.0670809855935,0.066755599449804,2.63125346778226
"ZJ","Male","15-25",1.86802871247619,127.297081050118,0.507971467197644,34.6157875407014,0.0980146241734073,6.67922043926191,0.0151252835615693,1.03071458944057,2.48914008740881,169.622803619522,3.0952335277152,210.92512690788,0.606093440306386,41.3023232883581
"ZJ","Male","25-30",2.40760799734294,148.276123187485,0.649391260480779,39.9937276509255,0.125741136837121,7.74395512723475,0.0194039210443413,1.1950193678814,3.20214431570518,197.208825333526,3.97349483434896,244.713595482727,0.771350518643777,47.5047701492011
"ZJ","Male","31-35",3.28211681808075,185.764511504465,0.887611038821339,50.2378922420671,0.171797426468533,9.72356158374435,0.0265111682725468,1.50050546538504,4.36803645164317,247.226470795662,5.4259979925888,307.106030158573,1.05796154094563,59.8795593629114
"ZJ","Male","36-40",1.56197408038138,80.6494176372503,0.418528618414711,21.6098908193329,0.0812538141106328,4.19537870130848,0.0125387852229396,0.647415177249118,2.07429529812966,107.102102335141,2.56930721264544,132.661055669021,0.495011914515782,25.5589533338803
"ZJ","Male","40-60",0.485805610449474,19.4250675270335,0.130951702700298,5.23613892680199,0.0253206610194572,1.01245341665982,0.00390739474355799,0.156238225981303,0.645985368912787,25.8298980964766,0.80076758374992,32.0189064375151,0.154782214837133,6.18900834103853
"ZJ","Female","15-25",1.68473594883504,115.328523257271,0.45797990250018,31.3509935330682,0.0883967237489413,6.05119373026721,0.0136410806172663,0.933799557319682,2.24475365570143,153.664510077926,2.79136627604832,191.082852306562,0.546612620346894,37.4183422286357
"ZJ","Female","25-30",2.1456861515997,132.171209876523,0.57766990532272,35.5836431338466,0.112036967934746,6.90131760033617,0.0172891346028515,1.06498605887598,2.85268215946002,175.721156669581,3.53970005015472,218.04047990902,0.687017890694702,42.3193232394389
"ZJ","Female","31-35",2.94226061109191,166.451052953372,0.790556398382803,44.723755752217,0.153386646919863,8.67746684047927,0.0236700611774314,1.3390746528711,3.90987371757201,221.19135019894,4.84785998739168,274.255583081203,0.937986269819675,53.0642328822632
"ZJ","Female","36-40",1.40746777199171,72.622576432969,0.375918673758362,19.3966662405097,0.073065858717099,3.77005499871175,0.0112752457035013,0.581780563077685,1.86772755017067,96.3710782352681,2.3112489410904,119.255912085598,0.443521390919729,22.8848338503302
"ZJ","Female","40-60",0.44096428545834,17.3811457741886,0.117718586289603,4.64002182513326,0.0226851572818519,0.894163175179667,0.00350069436727177,0.137984143194698,0.584868723397067,23.0533149176962,0.72036061310256,28.3938932000023,0.135491889705493,5.34057828230613
"JX","Male","15-25",0.786930133525075,53.6254653470154,0.216601894527025,14.7603667647412,0.0411259087873115,2.80253087610123,0.00634643884541328,0.432478973523534,1.05100437568482,71.6208419613813,1.30358086993824,88.8327029170472,0.252576494253415,17.2118609556658
"JX","Male","25-30",1.01238078466259,62.3489779502881,0.276381594353788,17.021371990948,0.0525782194482945,3.2381079280754,0.00811372141953653,0.499695614086617,1.34945431988421,83.1081534833982,1.66885702647072,102.779044725039,0.319402706586512,19.6708912416408
"JX","Male","31-35",1.3895754819394,78.6485749620577,0.379690880700129,21.4901220417878,0.0721762799672269,4.08510486782788,0.0111380409746245,0.630401919081519,1.85258068358138,104.854203790755,2.29112761721184,129.675519244506,0.43854693363046,24.8213154537509
"JX","Male","36-40",0.65898250434559,34.0252478425457,0.178787976968941,9.23136075316088,0.0341218836121794,1.76181543379797,0.00526558644189648,0.271878058279856,0.877157951368606,45.2903020877844,1.08334485894144,55.9363519992621,0.206186907572834,10.6460499114777
"JX","Male","40-60",0.205123994861052,8.20193790661297,0.0558232572130093,2.23210789998574,0.0106399849548848,0.425442649878071,0.00164193123550909,0.0656530604803023,0.273229168264455,10.9251415169571,0.33772405030176,13.5039866594897,0.0644948820373052,2.57884514253261
"JX","Female","15-25",0.703062293518389,48.1280975368356,0.193074659170262,13.2169170699447,0.0366827063828981,2.51111300803255,0.00566077437418798,0.387508054018278,0.938480433445737,64.2436356688311,1.16312908579152,79.6219490150207,0.224648652345783,15.3783133461896
"JX","Female","25-30",0.911043366800045,56.1189733876826,0.248029424500581,15.2782591698133,0.0472464230210398,2.9103123438501,0.00729093046332574,0.449110928802386,1.21361014478499,74.7566558301483,1.49988683683248,92.3908921881337,0.286276692047488,17.6342363579854
"JX","Female","31-35",1.24208546506462,70.2678861072604,0.338206747670931,19.1332029030801,0.064443103159829,3.64570777180596,0.00994467143751047,0.562594974017153,1.65467998733289,93.6093917561636,2.04546521441712,115.717090945548,0.390785227084234,22.1076991893841
"JX","Female","36-40",0.604021765110202,31.1663383537502,0.163084751666208,8.41485331217992,0.0311592489794038,1.60775613170771,0.00480839918396987,0.248103966717424,0.803074164939784,41.4370517643552,0.9901056749664,51.0875108388537,0.187031510026616,9.65045907449849
"JX","Female","40-60",0.185444071746465,7.30950453421451,0.0505488473573722,1.99244454394413,0.00964987590012441,0.380361642096608,0.00148914005566827,0.0586962736876767,0.24713193505963,9.74100699394293,0.30595407410928,12.0595534324802,0.0588221390496496,2.31854643853723
"GS","Male","15-25",0.386746598715686,26.3549017173876,0.105386563079544,7.1815822595934,0.0202572364270059,1.38043224393578,0.00312603102988169,0.213023827052714,0.515516429252118,35.1299400479695,0.64040889384288,43.6407547273033,0.124892464590762,8.51081467933373
"GS","Male","25-30",0.499369703427543,30.7544266937293,0.134866363135795,8.30594577532578,0.026019478164827,1.60244830300438,0.00401523624184533,0.247284302211888,0.66427078097001,40.9101050742714,0.82323802559568,50.7003395197891,0.15896724462567,9.79023444551772
"GS","Male","31-35",0.683306655933224,38.6744696130014,0.184851576654466,10.4624133574036,0.0356471861868926,2.01759489242954,0.00550095199913902,0.311348351557799,0.909306370773721,51.4658262143924,1.1275609958496,63.8188185233374,0.218254625075879,12.3529923089451
"GS","Male","36-40",0.326317082824274,16.8487320150911,0.0874131639558034,4.51340445108009,0.0169247291426932,0.873874647582584,0.00261176266243758,0.134853158178448,0.433266738585208,22.3708642719322,0.53583829931088,27.6669423199427,0.102571560725672,5.29607804801056
"GS","Male","40-60",0.100438335109347,4.01605374626443,0.0270266591351992,1.08066820851581,0.00521836373319855,0.208657672364504,0.000805279622428801,0.0321993215132916,0.133488637600174,5.33757894865803,0.16521116946336,6.60601288667026,0.0317225318631862,1.26843393801223
"GS","Female","15-25",0.350057162977578,23.9631472752452,0.0953767734112769,6.52901271452775,0.0183340412401468,1.25505596472025,0.00282924973644577,0.193676162876408,0.466597227365448,31.9408921173696,0.57961713327984,39.677664670241,0.113019905914392,7.73677255287135
"GS","Female","25-30",0.450231427412595,27.7336144622973,0.121291039551587,7.47135522721365,0.0234172395497517,1.44246859259986,0.00361366669255747,0.222596719697205,0.598553373206491,36.870035001808,0.74117522027472,45.6553375810219,0.142621847068229,8.78530257921382
"GS","Female","31-35",0.618484678821752,34.9892275474551,0.166525803828205,9.42078185957322,0.0321733902579027,1.82012927927559,0.0049648843404968,0.280875943875248,0.822148757248357,46.5110146301791,1.01815334651232,57.599485224418,0.196004589263963,11.0884705942389
"GS","Female","36-40",0.292907522608325,15.1134536589162,0.0780335578859612,4.02637853219925,0.0151534279018364,0.781887157860325,0.0023384196377518,0.120657866740828,0.388432928033875,20.0423772157166,0.47985721155456,24.7596909261505,0.0914242835206853,4.71731371043394
"GS","Female","40-60",0.0854403144708633,3.36773432630042,0.023002221265817,0.906660639275461,0.00441350820595867,0.173963815286334,0.00068107818009799,0.0268455281352272,0.113537122122737,4.47520430899744,0.1400930489736,5.52193859334833,0.026555926850863,1.04673428435089
"NMG","Male","15-25",0.41159344515188,28.0480935851054,0.10727420956761,7.31021619673815,0.0209601354792977,1.4283313993567,0.00323448067630963,0.220414143560695,0.543062270875097,37.007055324761,0.66593843886432,45.3804691867556,0.122876167989223,8.37341386199461
"NMG","Male","25-30",0.530448734405796,32.6684750898822,0.13670942433934,8.41945344366736,0.0268260514334882,1.65212231865631,0.00413967795314663,0.254948230282794,0.698123888131771,42.9949990824887,0.8533508386776,52.5548819482011,0.155226950545829,9.55988286571239
"NMG","Male","31-35",0.72510548473797,41.0402412916929,0.187160807750103,10.5931135153227,0.036716526273239,2.07811846602021,0.00566593317037272,0.320686119949475,0.954648751931686,54.0321593929853,1.16761400864256,66.0857787713024,0.212965256710874,12.0536193783171
"NMG","Male","36-40",0.348289250005174,17.9832210630368,0.0887832523446482,4.58414623358452,0.0175207704273056,0.904650051025907,0.0027037230087581,0.139601347325517,0.457296995785886,23.6116186949728,0.557657146716,28.7935150069295,0.100360150930114,5.18189631195673
"NMG","Male","40-60",0.107493774649484,4.29816738709551,0.0275823708262184,1.10288848940886,0.00543170025594649,0.217187990399587,0.000838195154550018,0.0335154578863386,0.141346040886199,5.65175932479029,0.17272650686784,6.90651566685717,0.0313804659816407,1.25475634206688
"NMG","Female","15-25",0.369405811524661,25.2876581373195,0.0954926458631011,6.536944757982,0.0187367661034731,1.28262447704322,0.00289137559036194,0.197928985399251,0.486526599081597,33.3051563577439,0.59555014317696,40.7683581428584,0.109023544095363,7.46320178511451
"NMG","Female","25-30",0.483869333631424,29.8056615598381,0.124079749538371,7.64313578919065,0.0244193591333735,1.50419773118311,0.00376828430887484,0.232120944571218,0.636136726612043,39.1851160247831,0.77687634684096,47.8544761123941,0.140739620228917,8.66936008761108
"NMG","Female","31-35",0.655999172470624,37.111516424697,0.168584012565657,9.53721988353859,0.0331670180063434,1.87634128998197,0.00511818412593605,0.289548496744186,0.86286838716856,48.8146260949617,1.05469412491968,59.6666885913501,0.19182573775112,10.8520624963884
"NMG","Female","36-40",0.316724596379869,16.3423679508122,0.0805147114082332,4.15440118742363,0.0159161540729776,0.821242332283068,0.00245610484734143,0.126730192728341,0.415611566708422,21.4447416632472,0.5065952987328,26.1393237805677,0.0909837320243782,4.69458211732048
"NMG","Female","40-60",0.0945072029418657,3.72511680699043,0.0240983613211921,0.94986633805807,0.00474332934628302,0.18696411827783,0.000731968760326497,0.0288514424975782,0.124080862369667,4.89079870582391,0.1511308811616,5.95700822736926,0.0270500187919327,1.06620952154535
"GZ","Male","15-25",0.365131078708563,24.8819090466059,0.0962608137800129,6.55970678173439,0.0188904713550197,1.28729384462581,0.00291509734695652,0.198649721369975,0.483197461190552,32.9275593943361,0.59717396092032,40.6945041029517,0.113976499729768,7.76694470861563
"GZ","Male","25-30",0.472540121486755,29.1020869435245,0.123406230550714,7.60015644716036,0.0242879308151888,1.49580838138787,0.00374800614418494,0.230826538770404,0.623982288996843,38.4288783108431,0.76881186826032,47.3484235855567,0.144829579263477,8.91954527471356
"GZ","Male","31-35",0.64476494929195,36.4930477734975,0.168411330851977,9.5319119768042,0.0331274008427893,1.87497757577438,0.00511207478699873,0.289338292393999,0.851415755773716,48.1892756184701,1.04881858585104,59.3620772984409,0.197402830077324,11.1728016799708
"GZ","Male","36-40",0.306484202423092,15.824700775063,0.0793224618840726,4.09565717949779,0.0156597710563418,0.808561058656152,0.00241654388636212,0.124773425870407,0.403882979249868,20.8536924390874,0.4962560335896,25.6231909419399,0.0923730543397319,4.76949850285255
"GZ","Male","40-60",0.0945957183314359,3.78243514861073,0.0247097925308798,0.988027676434685,0.00486360653282025,0.194472610634414,0.00075053025937138,0.0300101535589147,0.124919647654507,4.99494558923874,0.15393781646352,6.15524484577553,0.0290181688090126,1.16029925653679
"GZ","Female","15-25",0.326642764214668,22.3603156658464,0.0857545844903037,5.87032620669508,0.0168128684153267,1.15092414772726,0.0025944905388615,0.177605732612735,0.431804707659159,29.5591717528814,0.53231847950592,36.4398374632089,0.100513771846761,6.88066571032743
"GZ","Female","25-30",0.42209330470773,26.0003461934112,0.109659077442534,6.75484293391056,0.0216193398652235,1.33172053358688,0.00333619881610172,0.205505093829328,0.556707920831589,34.292414754738,0.68480632663248,42.1830940441275,0.128098405800891,7.89067928938948
"GZ","Female","31-35",0.578287220834973,32.7151566569552,0.150706977154192,8.52587120942546,0.0296427098590398,1.67696234991142,0.00457433218585956,0.258781430178022,0.763211240034064,43.1767716464701,0.93910162990848,53.1273315963961,0.175890389874416,9.95055994992595
"GZ","Female","36-40",0.277945573424114,14.3414464273197,0.0717934039391195,3.70439882795585,0.0141977819102734,0.732577699095993,0.00219093535686118,0.113047967121966,0.366127694630368,18.8914709214935,0.44983531994784,23.210620204065,0.0837076253174719,4.31914928257145
"GZ","Female","40-60",0.0817859643590872,3.22369365430658,0.0213076839870781,0.839868383229273,0.00422633048005376,0.166585976656495,0.00065218738740581,0.0257067622626289,0.107972166213625,4.25585477645498,0.13341851902704,5.25885384521558,0.0254463528134151,1.00299906876061
"YN","Male","15-25",0.561418632077774,38.2579521574467,0.140894567844731,9.60128027083557,0.029228801283923,1.99180080112648,0.00451039705461853,0.307361645779471,0.736052398261046,50.1583948751882,0.91436766492048,62.3097139640315,0.178315266659434,12.1513190888433
"YN","Male","25-30",0.728205470014536,44.8476180910007,0.181253143068182,11.162744682422,0.0377104163414166,2.32245213716772,0.00581921833652004,0.358385225449062,0.952988247760654,58.6912001360395,1.18089419436288,72.7271271851464,0.227905946602226,14.0359270491069
"YN","Male","31-35",1.00091168152293,56.6505946872256,0.248929597566211,14.0891649060593,0.0518880360628623,2.93681066409457,0.00800700985844254,0.453188706377245,1.30973632501044,74.1297589637566,1.62392012131872,91.9122459009385,0.314183796308279,17.7824869371819
"YN","Male","36-40",0.480867176316841,24.8286179763964,0.118633951379113,6.12542756688717,0.0247547675769864,1.27816307191345,0.00381998552140408,0.197237336748088,0.628075880794344,32.4294459519451,0.77610455563776,40.0726114626176,0.148028674843416,7.64316551067255
"YN","Male","40-60",0.148058468302515,5.92015753392503,0.0370559279820478,1.48169121114551,0.00765290570247554,0.3060034854498,0.00118094726797134,0.047220492997157,0.19394824925501,7.7550727235175,0.24004528675008,9.59827512150846,0.0460970374950703,1.84320239799096
"YN","Female","15-25",0.507954093036039,34.771974488252,0.127007459331067,8.69428989002012,0.02638915821127,1.80646863302984,0.0040721998368877,0.278762255842826,0.665422910415264,45.5514952671448,0.82581511456656,56.5311363554344,0.160392204151296,10.9796410882896
"YN","Female","25-30",0.664598754392308,40.9383363848307,0.165221680162292,10.1774200987415,0.0343651955730141,2.11684708555456,0.00530300634883491,0.326657635640625,0.869488636476449,53.5592612047673,1.07662689839184,66.3186830189343,0.207138261915391,12.759421814167
"YN","Female","31-35",0.894980516388849,50.6312896838843,0.221728787580878,12.5437529305792,0.0463054609133282,2.61961591623059,0.00714554047245568,0.40424112367116,1.17016030535551,66.1988996543652,1.44956567202048,82.0055611400546,0.279405366664969,15.8066614856893
"YN","Female","36-40",0.43148555024912,22.2638080787778,0.106544435787214,5.4974839107791,0.0222174847960422,1.14637863818768,0.00342845012370672,0.176901301834554,0.563675920956083,29.0845719295791,0.69658458231264,35.942398169047,0.132908661356557,6.85782623946788
"YN","Female","40-60",0.123775560195612,4.87876484782808,0.0303552425790114,1.19648895313201,0.00628910388499098,0.247892709271057,0.000970492502621578,0.0382531470622157,0.161390399162236,6.36139965729336,0.19810463578224,7.80853612553833,0.0367142366200044,1.44713646824497
"GX","Male","15-25",0.504706854759251,34.3933200639481,0.131675676935181,8.97305764477673,0.0262970640765977,1.79201715411613,0.00405803275035967,0.276535216228991,0.666737628521389,45.43493007907,0.82739252362368,56.3827806481469,0.160654895102291,10.9478505690769
"GX","Male","25-30",0.656871633006297,40.4544175303852,0.169503303489775,10.4391133177298,0.0340239776890957,2.09541732405119,0.00525040296586819,0.323353883942143,0.865649317151036,53.3123020561083,1.07136138455184,65.9813860102803,0.205712067400804,12.6690839541721
"GX","Male","31-35",0.893491749517084,50.5707345539788,0.230910296658546,13.0692905943577,0.0463011669644631,2.62059949111432,0.00714495708441847,0.404397386222073,1.17784817022451,66.6650220256728,1.45801440699312,82.5221492999539,0.280166236768609,15.8571272742811
"GX","Male","36-40",0.430597638728541,22.233050622039,0.11012380003122,5.68602286815823,0.0222020349138164,1.14635781006302,0.00342609746911425,0.176899712436365,0.566349571142692,29.2423310126966,0.69949469847936,36.1170142201913,0.133145127336668,6.87468320749471
"GX","Male","40-60",0.133036689433909,5.31950768011031,0.0342626553830215,1.37000145769187,0.00688298790301922,0.275218115904836,0.001062146538131,0.0424702139765537,0.17524447925808,7.00719746768357,0.21677475711456,8.66779675765922,0.0415302778564798,1.66059928997565
"GX","Female","15-25",0.438861046152599,30.0422130856283,0.113472229339193,7.76773633247911,0.0227637249815102,1.55828976509201,0.00351278023574516,0.240467212322473,0.578609780709048,39.6087063955219,0.7165850522784,49.0537973767629,0.137975271569352,9.44509098124099
"GX","Female","25-30",0.565347941219932,34.8246277008083,0.145599651512201,8.96873109034164,0.0292137618992234,1.79952611074379,0.00450811553403102,0.277693493967792,0.744669470165388,45.8705783958615,0.92055242341296,56.7047177270289,0.175882953247573,10.8341393311674
"GX","Female","31-35",0.776280797686228,43.9161492613002,0.199790517519888,11.3026500391966,0.0401251861194175,2.26998228992654,0.00619190812381847,0.350291752917713,1.02238840944935,57.839073343341,1.26408972143424,71.5127220094141,0.241701311984889,13.6736486660731
"GX","Female","36-40",0.371005152387898,19.1431381751554,0.0945664963058428,4.87944572702415,0.019077356134551,0.984354158290854,0.00294391312343096,0.151900142989309,0.487592917951723,25.1588382034597,0.60143871868128,31.033058224395,0.113845800729557,5.87422002093524
"GX","Female","40-60",0.206960059170211,8.15758345176001,0.0535135649787293,2.10930250921575,0.0107497139613812,0.423713102296692,0.00165883972467922,0.0653851933625319,0.272882177835001,10.755984256635,0.33819559021296,13.3303921599214,0.065313412377959,2.57440790328641
"HLJ","Male","15-25",0.619981336708801,42.2487159546734,0.168829573500396,11.5049151857246,0.0327650401677169,2.23277830045313,0.00505618292522894,0.344554301193748,0.826632133302143,56.3309637420448,1.03172810702496,70.3072579048033,0.205095973722817,13.9762941627585
"HLJ","Male","25-30",0.796820898963017,49.073401443837,0.214885217512627,13.2340260616492,0.0418848381485126,2.57954011942588,0.0064635076601368,0.398064742721978,1.06005446228429,65.2850323676341,1.31986133411616,81.2856253940783,0.259806871831867,16.0005930264443
"HLJ","Male","31-35",1.09094634492301,61.746466099495,0.294534904921908,16.6703794430532,0.0573481063530039,3.24584515203254,0.00884974266327587,0.500886535703806,1.4516790988612,82.1635772302845,1.8074303633568,102.298741067861,0.355751264495598,20.1351638375763
"HLJ","Male","36-40",0.518367796030498,26.764887712834,0.138796814983067,7.1664968317249,0.027141375622292,1.40139082031198,0.00418834843537418,0.216257021430433,0.688494335071231,35.5490323863013,0.8557222743264,44.1835136385855,0.167227939255169,8.6344812522842
"HLJ","Male","40-60",0.159431666918833,6.37491792855268,0.0430350849899519,1.7207694064875,0.00838957576706111,0.335459435405749,0.00129464717991149,0.0517668144470301,0.212150974855757,8.48291358489296,0.26428631845824,10.5675592708214,0.052135343602483,2.08464568592843
"HLJ","Female","15-25",0.537104093191509,36.7674364318309,0.146095550528199,10.0009643104761,0.0283977486256265,1.9439665990919,0.00438223635180616,0.299985791463409,0.71597962869714,49.0123531328622,0.89387085784608,61.1898891867195,0.17789122914894,12.1775360538572
"HLJ","Female","25-30",0.681774731025974,41.9963520740264,0.183724193544749,11.3171485616822,0.0357507350106019,2.20219434086544,0.00551691839872944,0.339834313143367,0.906766577980055,55.8555292897174,1.12760803481616,69.4590483874011,0.220841456836105,13.6035190976837
"HLJ","Female","31-35",0.940414608850373,53.2016101040713,0.252501863294539,14.2846629083842,0.0493710906905762,2.79304627194567,0.00761875024793896,0.431011786031959,1.24990631308343,70.7103310704332,1.55549648742768,87.9983327178905,0.305590174344253,17.2880016474573
"HLJ","Female","36-40",0.44470210908427,22.9457565917645,0.118783919091122,6.12901724278588,0.0232542651811246,1.19987447252092,0.00358850374273119,0.185159754647672,0.590328797099248,30.459808061719,0.7332881324304,37.8362293649232,0.142959335331152,7.37642130320424
"HLJ","Female","40-60",0.262852897281556,10.3606679168355,0.0712252010287256,2.80742827185972,0.0138460966212539,0.545760805837983,0.00213667838313315,0.0842197875757522,0.350060873314668,13.798076782109,0.4362559205064,17.1955598202089,0.0861950471917315,3.39748303809989
"HaiN","Male","15-25",0.161254748949625,10.9887276944189,0.0467988812928695,3.18911639055933,0.00882200427419032,0.601176730108964,0.00136139352866064,0.0927723547296539,0.218237028045345,14.8717931698169,0.27661330698576,18.8498529619663,0.0583762789404148,3.97805979214947
"HaiN","Male","25-30",0.20366063161545,12.5427432269623,0.05872819769631,3.61686349514008,0.0111055324725861,0.683950752275737,0.00171378106838141,0.105545758733208,0.275208142852727,16.9491032331113,0.34832469445968,21.4520949265603,0.0731165516069527,4.50299169344898
"HaiN","Male","31-35",0.283691624212256,16.0566606585669,0.0819957673326136,4.64087797852477,0.0154734806427098,0.875783444706161,0.00238783458645214,0.135149036457859,0.383548706774032,21.7084711182557,0.48546267704544,27.4766993539647,0.101913970271408,5.76822823570901
"HaiN","Male","36-40",0.13144461379002,6.78688058071362,0.0377227272624763,1.94773781691993,0.00713804613285866,0.368558781425053,0.00110152698552108,0.056875149856712,0.177406914170876,9.16005232891532,0.22410099432096,11.5710080666007,0.0466940801500842,2.41095573768542
"HaiN","Male","40-60",0.039645997832029,1.58525584822138,0.0114498843351194,0.457826693645294,0.00216433676233116,0.086541585472069,0.000333995690028838,0.013354907174797,0.0535942146195083,2.14297903451354,0.06786879503328,2.71375195786664,0.0142745804137717,0.570772923353102
"HaiN","Female","15-25",0.135813632454147,9.29711607327743,0.0392354459996227,2.6858606831568,0.00741982792649112,0.507923985463119,0.00114501142075883,0.0783817050738055,0.183613917801019,12.5692824469712,0.23260682951664,15.9230900048519,0.0489929117156207,3.35380755788078
"HaiN","Female","25-30",0.172267108883924,10.6114084700336,0.0496719180950473,3.05971938468974,0.00939139335321635,0.57849645018938,0.00144925898863548,0.0892722888711229,0.232779679320823,14.3388965937839,0.29458763904768,18.1461788521922,0.0618079597268566,3.80728225840835
"HaiN","Female","31-35",0.238329111188688,13.4828748198741,0.0685940469229944,3.88053705834993,0.0129910952839946,0.734938802119233,0.00200475599217287,0.113414068269064,0.32191900938785,18.2117647486124,0.40739977636656,23.0476258607209,0.0854807669787096,4.83586111210855
"HaiN","Female","36-40",0.112469497532625,5.80320547544927,0.0321183012206149,1.65724134627288,0.00609675416634658,0.31458055683362,0.000940836242756695,0.0485453047737052,0.151625389162343,7.82357268332947,0.19139664750432,9.87569160658435,0.0397712583419769,2.05211892325488
"HaiN","Female","40-60",0.0681333016260261,2.68555728137443,0.0197525047872503,0.778569096033948,0.00371126426697605,0.146284012919096,0.000572715101400007,0.0225742650658568,0.0921697857816525,3.63298465539333,0.11656313787312,4.59447841487595,0.0243933520914675,0.961493759482616
"JL","Male","15-25",0.602162236787783,41.0344308680811,0.164458635273847,11.2070569815257,0.0322894118838284,2.20036654371753,0.00498277260150506,0.339551744291608,0.803893056546963,54.7814061376159,1.01091041156544,68.8886331007582,0.207017355018477,14.1072269631423
"JL","Male","25-30",0.76524056449699,47.1284795260022,0.207169207996818,12.7588241273043,0.040828877832688,2.51450723116371,0.006300540607381,0.388028174137479,1.01953919093388,62.7898390586077,1.27917919281216,78.7801551505089,0.259640001878282,15.9903160919012
"JL","Male","31-35",1.06481565078235,60.2674950873812,0.288473582878106,16.3273147104589,0.0568049701258037,3.21510418773462,0.00876590593971919,0.49614146145421,1.41886010972598,80.3060554470289,1.7800174305384,100.747196635968,0.361157320812418,20.4411411889391
"JL","Male","36-40",0.500152836729802,25.8243946032885,0.134396894437872,6.93931570620102,0.0265476660117463,1.3707358082106,0.004096720486004,0.211525994937218,0.665194117665424,34.3459721126373,0.83258323031568,42.9887752318562,0.167389112650256,8.64280311921892
"JL","Male","40-60",0.150022618918144,5.99869462267242,0.0406443471107615,1.62517511168357,0.00800463579866993,0.320067507607849,0.00123524195329531,0.0493914805405107,0.19990684378087,7.99332872250435,0.25081308842544,10.0288285572089,0.0509062446445696,2.03549983470456
"JL","Female","15-25",0.526650955728288,36.0518673790828,0.143130237979674,9.79797397394638,0.0281889546798999,1.92967361897097,0.00435000232679906,0.297779212737955,0.70232015071466,48.0772941847381,0.88251581797344,60.4125804452846,0.18019566725878,12.3352862605465
"JL","Female","25-30",0.66363908003028,40.8792218114239,0.179379885247343,11.0495453601064,0.0353852051400093,2.17967822162489,0.00546049435043047,0.336358672158199,0.883864664768063,54.4448040653134,1.10864964602928,68.2912386490555,0.224784981261217,13.8464345837421
"JL","Female","31-35",0.920577320577412,52.0793650152692,0.24950695838815,14.1152336357752,0.0491373332309698,2.77982202690752,0.00758266816480922,0.428970532205886,1.22680428036134,69.4033912101578,1.53949393455696,87.0930282165721,0.312689654195619,17.6896370064143
"JL","Female","36-40",0.438226944252837,22.6116507868256,0.117568956867832,6.06632757508626,0.0232418369902975,1.19923320225085,0.00358657838965966,0.185060410205561,0.582624316500625,30.0622719743683,0.72897197500272,37.6135241073493,0.146347658502095,7.55125213298101
"JL","Female","40-60",0.225653280241162,8.89439958662142,0.0602261410501897,2.37388689181969,0.0118694034255048,0.467847029781377,0.00183163517713456,0.072196137122119,0.299580459893991,11.8083296453446,0.37328866217088,14.7136284434011,0.0737082022768886,2.90529879805654
"XJ","Male","15-25",0.476978859372698,32.5037918931523,0.135366789289586,9.22458901868209,0.025847370036718,1.76137269010977,0.00398869624412135,0.271810270196095,0.642181714943124,43.7615638721402,0.81070314460896,55.2454805526378,0.168521429665836,11.4839166804976
"XJ","Male","25-30",0.60672532298654,37.3660823653196,0.170909504989725,10.525716330788,0.0327334033576936,2.01593538232447,0.00505132482019893,0.311093359935009,0.815419556154157,50.2188274383671,1.02735112760352,63.2709488095468,0.211931571449363,13.0521213711797
"XJ","Male","31-35",0.838933833342175,47.4828113602943,0.236516487760093,13.3865953732865,0.0453061097862249,2.56428025542589,0.00699150876357138,0.395712365565189,1.12774793965206,63.8293993545718,1.42154289087264,80.4578981622049,0.293794951220576,16.6284988076331
"XJ","Male","36-40",0.395961907291901,20.4447036802491,0.110974333567048,5.72993847162887,0.0213029435190678,1.09993501835355,0.00328740648911269,0.169738680182914,0.53152659086713,27.4443158504144,0.66883829035872,34.5341317045123,0.13731169949159,7.08981585409791
"XJ","Male","40-60",0.119450447359085,4.77625814971091,0.0335925363298625,1.34320656776312,0.00643510409313664,0.257309361736302,0.000993046663026492,0.0397072369521165,0.160471134445111,6.41648131616244,0.20203865418624,8.07856973287643,0.0415675197411294,1.66208841671398
"XJ","Female","15-25",0.405745274002744,27.7752743993565,0.114728614816691,7.85374214357486,0.0219597189176426,1.5032515663168,0.00338876186792112,0.231977540556513,0.545822369604999,37.3642456498046,0.6887145027096,47.145920165286,0.142892133104601,9.78167451548138
"XJ","Female","25-30",0.526428320090067,32.4272344898604,0.147723637779878,9.09956561828534,0.0283261650819405,1.74485141140094,0.00437121044380124,0.269260335464889,0.706849333395687,43.5409118550115,0.88947246675504,54.7902366780066,0.182623133359353,11.2493248229951
"XJ","Female","31-35",0.72118761194631,40.7993897389131,0.202687101207178,11.4665170341526,0.0389243278589038,2.20204673005237,0.0060066859467201,0.339813270388968,0.968805726959112,54.807766773507,1.220980337928,69.073916198082,0.252174610968888,14.266149424575
"XJ","Female","36-40",0.338706169455444,17.4765740069401,0.0945032694598913,4.87618334578594,0.0181582554513477,0.936930365758058,0.00280212642155475,0.144584227272382,0.454169820788238,23.4342719457564,0.57054782528352,29.4391487143485,0.116378004495282,6.00487676859204
"XJ","Female","40-60",0.189287059329275,7.46098058247494,0.052925365039003,2.08611789033868,0.0101224541499311,0.398988890879497,0.00156206805824986,0.0615708199620387,0.253896946576459,10.0076581836552,0.31851020445456,12.5544686423688,0.0646132578781008,2.54681045871369
"CQ","Male","15-25",0.618819226564444,42.1695237943777,0.169858859930305,11.5750560551967,0.0327216155118488,2.22981912113179,0.0050494926332295,0.344098390298368,0.826449194639828,56.3184973610045,1.03146326674368,70.2892103263447,0.205014072103852,13.9707129653402
"CQ","Male","25-30",0.792356450738597,48.7984517528496,0.215422043910858,13.2670873146615,0.0416518427554406,2.56519075123829,0.00642756752924947,0.395851316250266,1.05585790493414,65.0265811349996,1.31423835213984,80.9393256770472,0.258380447205695,15.9127445420476
"CQ","Male","31-35",1.09604968497125,62.0353100144583,0.298691832292399,16.9056573521406,0.0576967513147958,3.26557810628298,0.00890356504861261,0.503932828591678,1.46134183362705,82.7104783014735,1.82010684469488,103.016217164504,0.358765011067826,20.3057388630306
"CQ","Male","36-40",0.519855368265594,26.8416955395199,0.140369395542198,7.24769389374697,0.0271833960522185,1.40356046143792,0.00419484421096848,0.216592417853051,0.691603004070979,35.7095423125578,0.85871010317328,44.3377842244596,0.167107099102301,8.62824191190181
"CQ","Male","40-60",0.158463954735799,6.33622369757257,0.0430450007187987,1.7211658895628,0.00831618860793406,0.332525030180702,0.0012833254971271,0.051314113926748,0.211108469559658,8.44122873124282,0.26255082429744,10.498165071699,0.0514423547377815,2.05693634045617
"CQ","Female","15-25",0.526401691483403,36.0348040064615,0.144671787103413,9.9035006495612,0.0278843001653008,1.90881850793908,0.00430301365857978,0.29456260557806,0.703260792410696,48.1416857695399,0.87848711575152,60.1367958167091,0.175226323340824,11.9951100471692
"CQ","Female","25-30",0.693604299065168,42.7250366110876,0.189234448298855,11.6565724038107,0.0365445151527628,2.2510900666859,0.00563942504205258,0.347380547830979,0.925022687558838,56.9800796294152,1.15260629308992,70.9989054808466,0.227583605531082,14.0188258514315
"CQ","Female","31-35",0.938645093804572,53.1015042054028,0.255251817098095,14.4402346835184,0.0493586694318099,2.79234357022277,0.00761685808889058,0.430904741854849,1.25087243842337,70.7649872009988,1.55723915161152,88.0969195960381,0.306366713188153,17.3319323950393
"CQ","Female","36-40",0.450063668476952,23.2224025402852,0.120947820253186,6.24067029848108,0.0234718943142978,1.21110370893573,0.0036220959305964,0.186893045653931,0.598105478975032,30.861069593356,0.7417368289968,38.272165536509,0.143631350021768,7.41109594315299
"CQ","Female","40-60",0.2457838474504,9.68787047467116,0.0652984008361715,2.57381620503622,0.0127716371515676,0.503409673814527,0.00197086709611549,0.0776841332252776,0.325824752534254,12.8427804867472,0.40348160714208,15.9037202381392,0.0776568546078258,3.06093975139197
"other","Male","15-25",1.41777698010109,96.6146130097132,0.427144662785881,29.1078335122072,0.0793477521313826,5.4071638014729,0.0122448472204269,0.834426847218421,1.93651424223878,131.964037170612,2.47968201297936,168.978281798641,0.54316777074058,37.0142446280289
"other","Male","25-30",1.78154332067738,109.718997931611,0.535300292650155,32.967265527813,0.099554666638535,6.13122237119805,0.0153631469912168,0.946162281538813,2.43176142695729,149.763648112161,3.1117469850048,191.641571130374,0.679985558047508,41.8779230182135
"other","Male","31-35",2.44557599653739,138.417142205643,0.734195525356347,41.554728450019,0.136676047962334,7.73572687730557,0.0210916644683974,1.19376699976178,3.33753923432447,188.901364532729,4.27121748920976,241.746614880195,0.933678254885287,52.8452503474663
"other","Male","36-40",1.13555251537827,58.6319902564654,0.33976200678964,17.5429338597972,0.0633273105676132,3.26977942973566,0.00977258115613134,0.504587745055489,1.54841441389166,79.9492912910537,1.97967765050208,102.216708732766,0.431263236610424,22.2674174417121
"other","Male","40-60",0.359613444648102,14.3792399586645,0.107664964960394,4.3050124775553,0.0200962812705413,0.803555192294601,0.00310122870721037,0.124003460969913,0.490475919586248,19.6118110894844,0.62774545490976,25.1005702468697,0.137269535323512,5.48875915738533
"other","Female","15-25",1.18995621872165,81.4583991876413,0.358017526408046,24.5080735942104,0.0666828515942621,4.56477159300115,0.0102904078520109,0.704429404565195,1.62494700457597,111.235673779418,2.0822654180976,142.541385114347,0.457318413521634,31.3057113349294
"other","Female","25-30",1.50156452741929,92.4942355379951,0.449847458168015,27.7099625038906,0.0839352464792238,5.17029159654697,0.0129527659602487,0.797871928724133,2.04829999802678,126.172361567157,2.6218593565392,161.502800873982,0.573559358512419,35.3304393068253
"other","Female","31-35",2.08892542220004,118.175743765005,0.628227019387941,35.540376157255,0.117037121860205,6.62108315450466,0.0180610096720989,1.02175655888152,2.85225057312028,161.358959635646,3.65468368659696,206.754610911173,0.802433113476678,45.3956512755266
"other","Female","36-40",0.967644359725439,49.9285510279563,0.289716317668221,14.9487937432237,0.0540324536718008,2.78796863042085,0.00833821091674226,0.430235328769501,1.3197313419822,68.0955487303704,1.68838345735344,87.1172748107037,0.368652115371237,19.0217260803333
"other","Female","40-60",0.529435966884273,20.8683651306346,0.160101237629102,6.31058578126578,0.0295117346299082,1.16324105730795,0.00455422422676754,0.179510309075283,0.723603163370051,28.5217022782836,0.92444402427936,36.4380900584183,0.200840860909309,7.91638778013469
